location,region,total_cases_per_million,new_cases_per_million,total_deaths_per_million,new_deaths_per_million,reproduction_rate,icu_patients_per_million,hosp_patients_per_million,total_tests_per_thousand,positive_rate,total_vaccinations_per_hundred,people_vaccinated_per_hundred,people_fully_vaccinated_per_hundred,stringency_index,population,population_density,gdp_per_capita,life_expectancy,human_development_index,excess_mortality
Afghanistan,Asia,1385.5720000000001,1.952,60.008,0.128,0.68,12.030750000000001,266.7865,326.96025,0.039999999999999994,1.3325,1.3075,0.095,12.04,38928341.0,54.422,1803.987,64.83,0.511,18.435
Albania,Europe,23356.731,232.817,441.309,2.085,1.09,62.04050000000001,560.9835,102.60700000000001,0.2,0.01,0.01,0.11499999999999999,60.19,2877800.0,104.87100000000001,11803.431,78.57,0.795,21.62
Algeria,Africa,2362.794,5.678,64.559,0.091,0.93,0.7185,307.41450000000003,77.08975000000001,0.157,0.0,0.0,0.13,72.22,43851043.0,17.348,13913.839,76.88,0.748,9.370000000000001
Andorra,Europe,116974.05,737.721,1177.765,0.0,1.11,36.2915,131.442,1714.3334999999997,0.106,0.75,0.75,0.765,52.78,77265.0,163.755,50286.172000000006,83.73,0.868,-6.22
Angola,Africa,570.95,2.343,13.114,0.061,0.97,12.030750000000001,266.7865,113.78099999999999,0.11399999999999999,0.425,1.3075,0.095,65.74,32866268.0,23.89,5819.495,61.15,0.581,12.365
Antigua and Barbuda,North America,1909.566,10.212,61.27,0.0,0.81,35.682,98.129,1156.5347499999998,0.0865,11.065,11.085,0.375,42.13,97928.0,231.845,21490.943,77.02,0.778,16.925
Argentina,South America,39649.257000000005,217.675,1002.195,3.341,1.04,12.030750000000001,266.7865,110.76299999999999,0.17800000000000002,0.64,0.58,0.07,79.17,45195777.0,16.177,18933.907,76.67,0.845,1.255
Armenia,Asia,55424.242999999995,79.643,1008.02,3.037,0.75,62.04050000000001,560.9835,208.916,0.166,0.875,1.19,0.11499999999999999,51.39,2963234.0,102.931,8787.58,75.09,0.7759999999999999,13.25
Australia,Oceania,1125.809,0.392,35.647,0.0,0.81,47.9835,258.8655,481.279,0.0,0.06,0.035,0.05500000000000001,55.09,25499881.0,3.202,44648.71,83.44,0.9440000000000001,4.27
Austria,Europe,43581.342000000004,180.53799999999998,783.11,5.107,0.92,37.751,189.31,839.931,0.16999999999999998,1.22,1.22,0.05,82.41,9006400.0,106.749,45436.685999999994,81.54,0.922,11.62
Azerbaijan,Asia,22383.577,32.744,295.685,1.2819999999999998,0.56,48.464,355.399,355.784,0.0345,0.0,0.0,0.042499999999999996,81.48,10139175.0,119.309,15847.419,73.0,0.7559999999999999,21.21
Bahamas,North America,20424.77,17.8,445.01199999999994,0.0,1.06,35.682,98.129,1011.902,0.036,4.5024999999999995,3.7175000000000002,0.9849999999999999,68.98,393248.0,39.497,27717.847,73.92,0.8140000000000001,6.26
Bahrain,Asia,57163.242,188.06,210.392,0.0,1.15,35.682,444.60699999999997,1487.354,0.027000000000000003,4.135,6.2,0.275,50.93,1701583.0,1935.9070000000002,43290.705,77.29,0.852,22.58
Bangladesh,Asia,3200.3459999999995,4.202,47.86600000000001,0.10300000000000001,0.82,50.0015,394.81950000000006,20.896,0.057,0.0,0.0,0.015,80.09,164689383.0,1265.036,3523.9840000000004,72.59,0.632,73.6
Barbados,North America,3810.405,97.435,24.359,0.0,1.14,35.682,98.129,1011.902,0.036,4.5024999999999995,3.7175000000000002,0.9849999999999999,59.26,287371.0,664.4630000000001,16978.068,79.19,0.8140000000000001,6.26
Belarus,Europe,23656.409,191.86599999999999,166.467,0.9520000000000001,0.97,38.2085,243.24450000000002,463.024,0.10800000000000001,1.295,0.645,0.0275,42.59,9449321.0,46.858000000000004,17167.967,74.79,0.823,40.9
Belgium,Europe,58432.393,181.11,1759.851,4.4,1.05,30.717,167.47799999999998,656.9960000000001,0.055999999999999994,1.07,1.07,0.0,60.19,11589616.0,375.564,42658.575999999994,81.63,0.9309999999999999,0.85
Belize,North America,28994.947,77.964,706.703,2.515,0.78,35.682,98.129,1011.902,0.036,4.5024999999999995,3.7175000000000002,0.9849999999999999,72.22,397621.0,16.426,7824.361999999999,74.62,0.716,6.26
Benin,Africa,281.526,0.0,3.7939999999999996,0.0,0.85,66.297,386.38199999999995,94.9755,0.22500000000000003,0.535,1.09,0.04,27.78,12123198.0,99.11,2064.236,61.77,0.545,72.2675
Bermuda,North America,89729.6505,486.856,1231.303,0.0,0.92,35.682,98.129,1156.5347499999998,0.0865,3.69,3.69,0.39,54.17,62273.0,1308.82,50669.315,82.59,0.8935,9.56
Bhutan,Asia,1091.222,2.592,1.296,0.0,0.61,36.2915,183.884,473.374,0.001,4.5024999999999995,3.7175000000000002,0.9849999999999999,81.94,771612.0,21.188000000000002,8708.597,71.78,0.654,15.86
Bolivia,South America,15906.753999999999,152.57399999999998,822.066,3.512,1.21,68.11800000000001,429.88,40.766999999999996,0.41600000000000004,0.0,1.2000000000000002,0.0675,30.56,11673029.0,10.202,6885.829000000001,71.51,0.718,111.8
Bosnia and Herzegovina,Europe,35665.223,92.355,1344.483,4.877,0.97,62.04050000000001,496.5965,171.34099999999998,0.136,0.875,0.425,0.235,42.59,3280815.0,68.49600000000001,11713.895,77.4,0.78,-0.13
Botswana,Africa,7384.255999999999,0.0,30.191999999999997,0.0,1.29,62.04050000000001,656.433,53.975500000000004,0.10750000000000001,2.125,2.125,0.26,53.7,2351625.0,4.044,15807.374,69.59,0.735,20.365
Brazil,South America,39777.392,278.129,984.6469999999999,5.263999999999999,1.06,71.8255,453.502,19.359250000000003,0.095,0.265,0.265,0.0125,69.91,212559409.0,25.04,14103.452,75.88,0.765,36.67
Brunei,Asia,397.73,0.0,6.857,0.0,0.39,35.682,98.129,1011.902,0.036,4.5024999999999995,3.7175000000000002,0.9849999999999999,35.19,437483.0,81.347,71809.25099999999,75.86,0.838,6.26
Bulgaria,Europe,30472.429,78.291,1219.553,5.757000000000001,0.82,49.364,503.71,181.886,0.069,0.28,0.27,0.07,53.7,6948445.0,65.18,18563.307,75.05,0.816,-0.62
Burkina Faso,Africa,430.55400000000003,5.789,4.832,0.0,1.0,47.9835,135.3005,37.0075,0.164,0.56,0.56,0.05500000000000001,16.67,20903278.0,70.15100000000001,1703.102,61.58,0.452,22.68
Burundi,Africa,99.65700000000001,1.682,0.168,0.0,1.11,66.297,386.38199999999995,94.9755,0.22500000000000003,0.535,0.885,0.015,14.81,11890781.0,423.06199999999995,702.225,61.58,0.433,72.2675
Cambodia,Asia,26.258000000000003,0.12,18.5785,0.209,0.83,47.9835,135.3005,30.878500000000003,0.20299999999999999,0.355,0.355,0.025,50.93,16718971.0,90.67200000000001,3645.07,69.82,0.594,37.31
Cameroon,Africa,1055.155,0.0,17.14,0.0,0.51,47.9835,111.044,246.27675,0.036000000000000004,0.049999999999999996,0.56,0.05500000000000001,35.19,26545864.0,50.885,3364.926,59.29,0.563,5.9399999999999995
Canada,North America,18765.833,162.259,476.337,3.6830000000000003,0.9,23.343000000000004,118.965,526.203,0.055999999999999994,1.44,1.39,0.06,75.46,37742157.0,4.037,44017.59099999999,82.43,0.929,7.88
Cape Verde,Africa,23203.737999999998,134.895,214.033,0.0,1.15,35.682,98.129,972.32325,0.036,2.7325,2.6475,0.38999999999999996,64.81,555988.0,135.58,6222.554,72.98,0.665,15.86
Cayman Islands,North America,89729.6505,486.856,1231.303,0.0,0.92,35.682,98.129,1156.5347499999998,0.0865,2.495,6.43,0.39,45.605000000000004,65720.0,256.496,49903.029,83.92,0.8935,9.56
Central African Republic,Africa,1029.657,0.0,13.044,0.0,0.24,21.776999999999997,183.02650000000003,171.0025,0.0665,1.175,1.735,0.38,22.22,4829764.0,7.479,661.24,53.28,0.397,18.505000000000003
Chad,Africa,173.81099999999998,2.374,6.757999999999999,0.0,1.09,47.9835,135.3005,177.846,0.1175,0.355,0.355,0.025,74.07,16425859.0,11.833,1768.1529999999998,54.24,0.39799999999999996,37.31
Chile,South America,34813.022000000004,212.804,912.053,3.3480000000000003,1.14,47.9835,135.3005,376.27099999999996,0.075,0.12,0.07,0.04,79.17,19116209.0,24.281999999999996,22767.037,80.18,0.851,32.18
China,Asia,61.32899999999999,0.055999999999999994,3.22,0.0,1.1,69.94149999999999,453.502,498.31949999999995,0.072,1.04,0.055,0.51,78.24,1439323774.0,147.674,15308.712,76.91,0.7609999999999999,39.86
Colombia,South America,37164.442,296.22900000000004,948.3739999999999,7.212999999999999,1.07,12.030750000000001,266.7865,177.76,0.27399999999999997,0.3225,0.2925,0.1,81.02,50882884.0,44.223,13254.948999999999,77.29,0.767,71.67
Comoros,Africa,1813.4879999999998,63.248000000000005,47.148,3.45,1.03,35.682,173.893,698.2215000000001,0.0125,1.035,1.035,0.32,66.665,869595.0,437.352,1413.89,64.32,0.5539999999999999,15.77
Congo,Africa,1397.0410000000002,0.0,20.659000000000002,0.0,0.41,13.831000000000001,25.253,525.4794999999999,0.0245,0.9775,1.5875,0.0975,43.52,5518092.0,15.405,4881.406,64.57,0.574,-2.015
Costa Rica,North America,36156.827000000005,150.173,474.273,2.748,0.96,27.118499999999997,466.3355,92.35700000000001,0.282,0.49,0.49,0.0,63.89,5094114.0,96.079,15524.995,80.28,0.81,6.385
Cote d'Ivoire,Africa,942.291,7.961,5.345,0.0,1.29,47.9835,258.8655,11.2745,0.07200000000000001,0.049999999999999996,0.049999999999999996,0.05500000000000001,17.59,26378275.0,76.399,3601.006,57.78,0.5379999999999999,74.16000000000001
Croatia,Europe,54704.102,156.628,1117.588,7.795,0.77,64.79650000000001,428.961,271.324,0.12300000000000001,0.93,0.84,0.29,56.48,4105268.0,73.726,22669.797000000002,78.49,0.851,7.84
Cuba,North America,1545.122,38.052,14.655999999999999,0.177,1.32,68.11800000000001,429.88,149.184,0.034,0.555,0.555,0.0675,78.7,11326616.0,110.40799999999999,6251.234999999999,78.8,0.7829999999999999,44.9475
Cyprus,Europe,32444.637000000002,200.449,188.062,2.252,0.73,39.414,207.206,1369.9620000000002,0.023,1.15,1.15,0.43,84.26,888005.0,127.65700000000001,32415.132,80.98,0.887,4.23
Czechia,Europe,82538.75099999999,768.327,1327.39,14.661,0.92,101.87700000000001,605.286,496.70099999999996,0.16399999999999998,1.11,1.11,0.08,73.15,10708982.0,137.17600000000002,32605.906000000003,79.38,0.9,57.16
Democratic Republic of Congo,Africa,231.048,1.6640000000000001,7.034,0.011000000000000001,1.04,57.69799999999999,455.75700000000006,212.7935,0.297,1.41,0.69,0.34750000000000003,26.85,89561404.0,35.879,808.133,60.68,0.48,23.275
Denmark,Europe,32609.009,153.31,301.785,4.6610000000000005,0.69,22.789,137.944,2040.56,0.013999999999999999,2.79,2.79,0.030000000000000002,70.37,5792203.0,136.52,46682.515,80.9,0.94,10.64
Djibouti,Africa,5974.684,2.024,61.74100000000001,0.0,0.93,36.2915,259.64799999999997,698.2215000000001,0.0125,0.575,0.575,0.22999999999999998,37.96,988002.0,41.285,2705.406,67.11,0.524,5.03
Dominica,North America,1527.969,0.0,40.804,0.0,0.2,35.682,98.129,1156.5347499999998,0.0865,7.25,6.859999999999999,0.765,29.63,71991.0,98.56700000000001,9673.367,75.0,0.742,2.485
Dominican Republic,North America,17638.338,134.496,224.19099999999997,0.369,1.11,68.11800000000001,429.88,87.6325,0.243,0.555,0.555,0.0675,70.37,10847904.0,222.873,14600.861,74.08,0.7559999999999999,39.185
Ecuador,South America,13082.083999999999,57.133,811.424,1.53,1.17,47.9835,354.20449999999994,43.43600000000001,0.284,0.0,0.0,0.04,69.44,17643060.0,66.939,10581.936000000002,77.01,0.759,57.26
Egypt,Africa,1519.596,8.697000000000001,83.325,0.537,0.88,57.69799999999999,455.75700000000006,39.689,0.066,0.0,0.0,0.015,65.74,102334403.0,97.999,10550.206,71.99,0.7070000000000001,21.45
El Salvador,North America,7829.545,44.71,228.023,1.5419999999999998,1.01,27.118499999999997,265.21049999999997,101.638,0.12300000000000001,0.385,0.38,0.035,47.22,6486201.0,307.811,7292.4580000000005,73.32,0.6729999999999999,37.13
Equatorial Guinea,Africa,3817.575,0.0,61.298,0.0,1.0,36.2915,434.9125,296.88950000000006,0.0715,0.68,0.68,0.04,59.26,1402985.0,45.193999999999996,22604.873,58.74,0.5920000000000001,10.05
Eritrea,Africa,529.265,0.0,1.692,0.0,1.17,64.79650000000001,588.7974999999999,234.46375,0.055,0.47000000000000003,0.425,0.315,89.81,3546427.0,44.303999999999995,1510.4589999999998,66.32,0.45899999999999996,1.540000000000001
Estonia,Europe,27659.194,364.105,241.229,3.7689999999999997,1.0,33.169000000000004,312.09,538.5740000000001,0.11199999999999999,1.36,1.36,0.03,50.0,1326539.0,31.033,29481.252,78.74,0.892,14.27
Eswatini,Africa,10977.758,176.699,310.301,9.481,1.05,36.2915,259.64799999999997,296.88950000000006,0.0715,0.68,0.68,0.22999999999999998,75.0,1160164.0,79.492,7738.975,60.19,0.611,10.05
Ethiopia,Africa,1137.508,3.679,17.649,0.035,1.0,50.0015,394.81950000000006,16.372,0.08,0.1875,0.185,0.01,43.52,114963583.0,104.95700000000001,1729.9270000000001,66.6,0.485,7.415000000000001
Faeroe Islands,Europe,31562.2225,117.99549999999999,1600.049,0.0,0.87,35.682,98.129,1156.5347499999998,0.0865,8.17,8.17,0.0,27.78,48865.0,35.308,37661.85,80.67,0.849,-4.88
Fiji,Oceania,61.354,0.0,2.231,0.0,0.98,36.2915,183.884,26.481,0.002,2.23,1.53,0.9849999999999999,49.07,896444.0,49.562,8702.975,67.44,0.743,16.57
Finland,Europe,7237.51,53.423,111.538,0.0,1.04,4.873,26.711,481.423,0.024,0.995,2.215,0.18,52.31,5540718.0,18.136,40585.721,81.91,0.938,1.17
France,Europe,43698.39,315.507,1040.21,4.588,1.1,40.421,370.151,407.42550000000006,0.064,0.65,0.65,0.0,63.89,67564251.0,122.57799999999999,38605.671,82.66,0.9009999999999999,12.99
Gabon,Africa,4447.534000000001,0.0,29.653000000000002,0.0,1.44,62.04050000000001,560.9835,110.58775,0.101,1.61,1.61,0.11499999999999999,65.74,2225728.0,7.859,16562.413,66.47,0.703,20.365
Gambia,Africa,1612.5539999999999,2.069,52.552,0.0,1.15,62.04050000000001,560.9835,14.1225,0.028999999999999998,1.19,1.19,0.11499999999999999,45.37,2416664.0,207.56599999999997,1561.767,62.05,0.496,12.9
Georgia,Asia,61923.831,226.363,730.9780000000001,5.515,0.79,21.776999999999997,385.6095,298.3215,0.08800000000000001,0.875,0.495,0.46499999999999997,84.26,3989175.0,65.032,9745.079,73.77,0.812,5.78
Germany,Europe,24332.167999999998,148.358,554.569,9.918,0.89,59.582,455.75700000000006,458.749,0.10400000000000001,1.39,1.38,0.01,83.33,83783945.0,237.016,45229.245,81.33,0.9470000000000001,25.1
Ghana,Africa,1833.7820000000002,6.147,10.974,0.0,1.24,28.20825,258.8655,23.212,0.073,0.12,0.6625000000000001,0.1,38.89,31072945.0,126.719,4227.63,64.07,0.611,78.915
Gibraltar,Europe,72170.1995,353.71950000000004,1600.049,0.0,0.87,35.682,98.129,1156.5347499999998,0.0865,24.97,24.97,1.19,48.61,33691.0,3457.1,53765.3925,79.93,0.849,183.44
Greece,Europe,14234.788999999999,53.919,522.016,2.6860000000000004,0.93,68.11800000000001,429.88,363.4,0.023,0.7,0.7,0.03,80.56,10423056.0,83.479,24574.382,82.24,0.888,-6.38
Greenland,North America,353.38399999999996,0.0,1231.303,0.0,0.92,35.682,98.129,1156.5347499999998,0.0865,4.55,4.55,0.39,37.04,56772.0,0.13699999999999998,14236.7935,71.7,0.7415,9.56
Grenada,North America,1235.347,0.0,8.887,0.0,0.06,35.682,98.129,1156.5347499999998,0.0865,11.065,11.085,0.375,42.13,112519.0,317.132,13593.877,72.4,0.779,16.925
Guatemala,North America,8294.351,43.648999999999994,291.367,1.619,1.1,47.9835,354.20449999999994,37.575,0.155,0.049999999999999996,0.049999999999999996,0.04,52.31,17915567.0,157.834,7423.808000000001,74.3,0.6629999999999999,35.22
Guernsey,Europe,59251.0095,368.8605,1231.303,0.0,0.655,35.682,98.129,1156.5347499999998,0.0865,9.95,9.17,0.78,41.9,67052.0,782.6579999999999,50286.172000000006,83.255,0.8049999999999999,89.28
Guinea,Africa,1073.496,1.98,6.167999999999999,0.0,1.12,66.297,386.38199999999995,50.689,0.2335,0.535,1.09,0.04,49.07,13132792.0,51.755,1998.9260000000002,61.6,0.47700000000000004,72.2675
Guinea-Bissau,Africa,1259.1480000000001,0.0,22.866,0.0,0.29,62.04050000000001,560.9835,376.7435,0.1295,1.61,1.61,0.11499999999999999,64.35499999999999,1967998.0,66.191,1548.675,58.32,0.48,33.28
Guyana,South America,8710.09,58.483000000000004,216.13099999999997,0.0,1.12,35.682,173.893,921.6680000000001,0.012,1.035,1.035,0.32,54.63,786559.0,3.952,7435.047,69.91,0.682,15.77
Haiti,North America,932.688,4.385,20.873,0.0,1.21,66.297,386.38199999999995,78.227,0.0335,0.535,0.885,0.015,36.11,11402533.0,398.44800000000004,1653.1729999999998,64.0,0.51,72.2675
Honduras,North America,13479.282,99.449,338.024,1.514,1.09,48.464,357.30100000000004,1303.4834999999998,0.05450000000000001,9.965,4.23,1.3225,87.96,9904608.0,82.805,4541.795,75.27,0.634,15.530000000000001
Hong Kong,Asia,1267.442,6.669,21.609,0.133,1.175,36.055,221.892,948.6419999999999,0.001,1.125,1.125,0.025,71.3,7496988.0,7039.714,56054.92,84.86,0.9490000000000001,21.17
Hungary,Europe,36291.335,140.575,1166.003,9.834,0.87,68.11800000000001,460.12800000000004,257.29900000000004,0.08800000000000001,1.65,1.5350000000000001,0.115,72.22,9660350.0,108.04299999999999,26777.561,76.88,0.8540000000000001,9.85
Iceland,Europe,17453.48,17.582,84.98200000000001,0.0,0.76,36.2915,55.678000000000004,739.997,0.036,4.46,3.06,1.4,44.44,341250.0,3.404,46482.958,82.99,0.9490000000000001,8.11
India,Asia,7650.689,10.76,110.34299999999999,0.11699999999999999,0.92,69.94149999999999,453.502,134.612,0.019,0.11,0.11,0.51,68.98,1380004385.0,450.41900000000004,6426.674,69.66,0.645,92.655
Indonesia,Asia,3278.115,41.232,94.204,0.852,1.11,57.69799999999999,455.75700000000006,20.019000000000002,0.253,0.1,0.1,0.005,68.06,273523621.0,145.725,11188.743999999999,71.72,0.718,89.465
Iran,Asia,15767.93,74.423,675.2589999999999,1.024,1.0,41.0665,394.81950000000006,102.801,0.11599999999999999,1.04,0.325,0.0025,78.24,83992953.0,49.831,19082.62,76.68,0.7829999999999999,10.485
Iraq,Asia,15105.649,19.914,321.586,0.174,0.94,12.030750000000001,266.7865,127.7175,0.024,0.7325,0.6125,0.1,53.7,40222503.0,88.125,15663.986,70.6,0.674,15.0
Ireland,Europe,34383.762,596.622,525.538,4.658,0.84,38.681,342.25800000000004,561.388,0.132,1.9,3.02,0.64,85.19,4937796.0,69.874,67335.293,82.3,0.955,22.28
Isle of Man,Europe,59441.808000000005,373.9665,619.5175,0.0,0.9600000000000001,35.682,98.129,1156.5347499999998,0.0865,4.95,4.99,0.75,41.205,85032.0,147.872,15582.154999999999,81.4,0.823,9.56
Israel,Asia,62792.030999999995,811.85,457.395,5.083,1.09,37.664,242.50400000000002,1158.358,0.076,27.59,24.72,4.54,85.19,8655541.0,402.606,33132.32,82.97,0.919,19.64
Italy,Europe,39177.33,232.46099999999998,1352.92,7.856,0.94,41.711999999999996,419.48800000000006,479.569,0.08900000000000001,1.96,1.96,0.005,78.7,60461828.0,205.859,35220.084,83.51,0.892,7.39
Jamaica,North America,4760.295,30.055999999999997,109.079,0.33799999999999997,1.16,62.04050000000001,560.9835,51.335,0.102,1.19,1.19,0.11499999999999999,71.3,2961161.0,266.879,8193.571,74.47,0.7340000000000001,17.435000000000002
Japan,Asia,2569.19,38.964,35.382,0.585,1.09,50.0015,394.81950000000006,42.667,0.086,0.1875,0.185,0.015,49.54,126476458.0,347.778,39002.223,84.63,0.919,4.94
Jordan,Asia,30731.422000000002,95.853,405.463,1.47,0.83,68.11800000000001,429.88,348.168,0.046,0.29,0.29,0.042499999999999996,81.48,10203140.0,109.285,8337.49,74.53,0.7290000000000001,18.950000000000003
Kazakhstan,Asia,11446.469,54.323,153.648,0.0,1.06,47.9835,135.3005,323.447,0.031,0.0,0.0,0.05500000000000001,68.52,18776707.0,6.681,24055.588,73.6,0.825,2.38
Kenya,Africa,1842.656,2.399,32.135999999999996,0.055999999999999994,0.88,20.56975,392.3795,20.2465,0.03,0.3225,0.2925,0.035,53.7,53771300.0,87.324,2993.028,66.7,0.601,36.585
Kosovo,Europe,28526.356,149.526,723.83,2.07,1.1,62.04050000000001,560.9835,376.7435,0.1295,1.61,1.61,0.11499999999999999,71.3,1932774.0,168.155,9795.834,66.805,0.673,39.33
Kuwait,Asia,36856.733,115.91,221.75099999999998,0.23399999999999999,1.16,21.776999999999997,385.6095,325.319,0.053,0.82,0.495,0.205,65.74,4270563.0,232.128,65530.537000000004,75.49,0.8059999999999999,46.375
Kyrgyzstan,Asia,12738.591,19.006,212.13400000000001,0.307,0.89,36.076499999999996,320.827,232.22749999999996,0.14550000000000002,1.54,1.535,0.035,41.67,6524191.0,32.333,3393.474,71.45,0.6970000000000001,-2.05
Laos,Asia,5.635,0.0,185.70749999999998,1.118,0.8999999999999999,43.513999999999996,373.10699999999997,516.7189999999999,0.133,1.54,1.535,0.035,29.63,7275556.0,29.715,6397.36,67.92,0.613,18.48
Latvia,Europe,29210.551,464.425,509.48900000000003,9.013,0.99,62.04050000000001,557.735,546.434,0.086,0.85,0.85,0.05,57.41,1886202.0,31.212,25063.846,75.29,0.866,27.23
Lebanon,Asia,36504.303,535.35,273.389,6.446000000000001,1.11,36.076499999999996,320.827,272.3515,0.11850000000000001,1.54,1.535,0.035,90.74,6825442.0,594.561,13367.565,78.93,0.7440000000000001,76.31
Lesotho,Africa,2973.973,15.404000000000002,43.412,0.934,1.07,62.04050000000001,560.9835,283.329,0.21100000000000002,1.61,1.61,0.11499999999999999,77.78,2142252.0,73.562,2851.153,54.33,0.527,20.365
Liberia,Africa,373.096,0.0,16.608,0.0,0.36,21.776999999999997,183.02650000000003,326.8725,0.24025,0.47,0.47,0.06,35.19,5057677.0,49.126999999999995,752.788,64.1,0.48,13.605
Libya,Africa,15720.053999999998,93.141,240.275,1.455,1.11,36.076499999999996,320.827,133.341,0.167,1.54,1.535,0.035,80.56,6871287.0,3.623,17881.509,72.91,0.7240000000000001,37.845
Liechtenstein,Europe,62485.251,235.99099999999999,1284.8410000000001,0.0,0.73,36.2915,183.884,598.736,0.067,0.12,0.12,0.595,48.61,38137.0,237.012,53765.3925,82.49,0.919,24.0
Lithuania,Europe,62151.328,452.56,888.59,12.489,0.78,62.04050000000001,748.6339999999999,663.807,0.12,1.88,1.88,0.34,74.07,2722291.0,45.135,29524.265,75.93,0.882,34.39
Luxembourg,Europe,77686.68400000001,190.10299999999998,877.03,4.793,0.9,31.95,140.58,2828.164,0.018000000000000002,0.9199999999999999,0.9199999999999999,0.21,51.85,625976.0,231.447,94277.965,82.25,0.9159999999999999,15.2
Madagascar,Africa,650.066,0.0,9.642000000000001,0.0,0.64,47.9835,258.8655,3.804,0.10400000000000001,0.049999999999999996,0.56,0.05500000000000001,37.04,27691019.0,43.951,1416.44,67.04,0.528,78.915
Malawi,Africa,616.05,29.116999999999997,15.682,0.732,1.77,47.9835,354.20449999999994,5.1370000000000005,0.28300000000000003,0.049999999999999996,0.049999999999999996,0.04,48.15,19129955.0,197.519,1095.042,64.26,0.483,35.22
Malaysia,Asia,4791.912,102.23700000000001,18.352999999999998,0.278,1.17,28.20825,266.7865,166.27599999999998,0.040999999999999995,0.12,0.6625000000000001,0.1,77.31,32365998.0,96.25399999999999,26808.164,76.16,0.81,7.61
Maldives,Asia,26688.028,98.05,90.65,0.0,1.31,36.2915,183.884,660.8395,0.019,4.5024999999999995,3.7175000000000002,0.9849999999999999,66.2,540542.0,1454.433,15183.616000000002,78.92,0.74,15.86
Mali,Africa,386.305,1.136,15.209000000000001,0.049,0.76,47.9835,135.3005,37.0075,0.164,0.56,0.56,0.05500000000000001,46.3,20250834.0,15.196,2014.306,59.31,0.434,22.68
Malta,Europe,34984.452000000005,371.42800000000005,539.024,2.265,1.04,36.2915,131.442,1283.807,0.053,4.545,4.375,0.57,52.78,441539.0,1454.037,36513.323,82.53,0.895,4.41
Marshall Islands,Oceania,67.574,0.0,119.8205,0.0,0.505,35.682,98.129,1156.5347499999998,0.0865,6.359999999999999,6.359999999999999,0.39,33.335,59194.0,295.15,3819.202,73.7,0.7040000000000001,2.485
Mauritania,Africa,3440.897,14.195,86.243,0.43,0.69,44.022499999999994,588.7974999999999,36.685,0.24025,0.47,0.47,0.06,50.93,4649660.0,4.289,3597.633,64.92,0.546,4.325
Mauritius,Africa,430.11,0.0,7.8629999999999995,0.0,0.21,36.2915,259.64799999999997,296.88950000000006,0.0715,0.0,0.0,0.22999999999999998,19.44,1271767.0,622.962,20292.745,74.99,0.804,5.83
Mexico,North America,12644.25,111.647,1087.7069999999999,8.578,1.08,50.0015,394.81950000000006,30.99,0.41,0.375,0.37,0.02,71.76,128932753.0,66.444,17336.468999999997,75.05,0.779,142.26
Micronesia (country),Oceania,8.693999999999999,0.0,13.457,0.0,0.545,35.682,98.129,1156.5347499999998,0.0865,11.065,11.085,0.375,42.13,115021.0,150.77700000000002,3299.4640000000004,67.88,0.62,16.925
Moldova,Europe,37838.721,109.074,804.42,3.966,0.91,21.776999999999997,385.6095,298.3215,0.08800000000000001,0.875,0.495,0.46499999999999997,57.41,4033963.0,123.655,5189.972,71.9,0.75,3.72
Monaco,Europe,30425.033,433.18699999999995,178.37099999999998,0.0,1.12,35.682,98.129,1156.5347499999998,0.0865,6.12,4.085,0.595,51.85,39244.0,19347.5,37661.85,86.75,0.849,9.85
Mongolia,Asia,462.741,4.881,0.61,0.0,1.15,62.04050000000001,588.7974999999999,253.0325,0.001,0.875,0.425,0.315,73.61,3278292.0,1.98,11840.846000000001,69.87,0.737,-18.63
Montenegro,Europe,87787.511,676.685,1183.004,4.777,1.05,35.682,173.893,1744.5017500000001,0.018500000000000003,2.7325,2.6475,0.38999999999999996,59.72,628062.0,46.28,16409.288,76.88,0.8290000000000001,27.31
Morocco,Africa,12431.809,27.228,214.329,0.731,0.79,12.030750000000001,266.7865,127.598,0.071,0.24,0.6125,0.1,76.85,36910558.0,80.08,7485.013000000001,76.68,0.6859999999999999,23.055
Mozambique,Africa,827.44,22.044,7.487,0.16,1.46,28.20825,258.8655,9.743,0.284,0.12,0.6625000000000001,0.1,59.26,31255435.0,37.728,1136.103,60.85,0.456,78.915
Myanmar,Asia,2460.384,9.024,54.071000000000005,0.257,0.82,20.56975,392.3795,38.878,0.027999999999999997,0.005,0.005,0.035,75.93,54409794.0,81.721,5591.597,67.13,0.583,36.585
Namibia,Africa,11884.69,121.61,110.196,1.9680000000000002,0.9,62.04050000000001,560.9835,93.8285,0.18600000000000003,1.19,1.19,0.11499999999999999,38.89,2540916.0,3.0780000000000003,9541.808,63.71,0.6459999999999999,12.9
Nepal,Asia,9165.589,11.532,67.063,0.20600000000000002,0.8,47.9835,258.8655,69.009,0.08199999999999999,0.0,0.56,0.1,60.19,29136808.0,204.43,2442.804,70.78,0.602,74.16000000000001
Netherlands,Europe,53674.865,329.32800000000003,762.538,5.019,0.85,40.269,103.12299999999999,337.371,0.113,0.71,0.71,0.01,78.7,17134873.0,508.54400000000004,48472.545,82.28,0.9440000000000001,17.36
New Zealand,Oceania,467.833,0.415,5.184,0.0,0.85,21.776999999999997,385.6095,305.32,0.001,0.635,0.3,0.205,22.22,4822233.0,18.206,36085.843,82.29,0.9309999999999999,14.73
Nicaragua,North America,928.666,0.0,25.209,0.0,0.12,36.076499999999996,320.827,141.762,0.096,1.54,1.535,0.035,8.33,6624554.0,51.667,5321.444,74.48,0.66,37.13
Niger,Africa,170.697,1.405,5.7010000000000005,0.040999999999999995,0.86,47.9835,135.3005,243.5165,0.0025,0.049999999999999996,0.56,0.05500000000000001,31.48,24206636.0,16.955,926.0,62.42,0.39399999999999996,8.725
Nigeria,Africa,528.491,6.937,6.888999999999999,0.039,1.13,50.0015,455.75700000000006,5.551500000000001,0.133,0.1325,0.1325,0.0125,58.33,206139587.0,209.588,5338.454000000001,54.69,0.539,89.465
North Macedonia,Europe,42598.566,161.276,1294.0510000000002,5.28,0.92,62.04050000000001,560.9835,207.053,0.17300000000000001,1.61,1.61,0.11499999999999999,71.75999999999999,2083380.0,82.6,13111.214,75.8,0.774,4.18
Northern Cyprus,Asia,54055.8585,311.645,527.7004999999999,2.3965,1.01,35.682,173.893,1589.7740000000001,0.11099999999999999,1.3,6.58,0.375,39.815,75376.0,202.184,50286.172000000006,82.66,0.8654999999999999,2.485
Norway,Europe,10780.74,77.842,95.366,0.369,0.85,21.776999999999997,23.795,569.536,0.025,0.96,0.96,0.015,66.67,5421242.0,14.462,64800.057,82.4,0.9570000000000001,-5.2
Oman,Asia,25704.662999999997,32.115,295.499,0.196,1.17,21.776999999999997,183.02650000000003,326.8725,0.24025,0.45,0.45,0.12,42.59,5106622.0,14.98,37960.709,77.86,0.813,4.93
Pakistan,Asia,2350.8779999999997,8.814,49.576,0.213,0.96,57.69799999999999,455.75700000000006,33.167,0.057,0.1825,0.1825,0.0125,64.35,220892331.0,255.57299999999998,5034.708,67.27,0.557,89.465
Palestine,Asia,29711.162999999997,118.20200000000001,333.241,2.7439999999999998,0.77,21.776999999999997,183.02650000000003,326.8725,0.1985,0.47,0.47,0.06,77.78,5101416.0,778.202,4449.898,74.05,0.708,13.605
Panama,North America,68663.947,499.911,1098.089,9.039,0.84,21.776999999999997,385.6095,351.384,0.204,0.15,0.15,0.205,76.85,4314768.0,55.133,22267.037,78.51,0.815,89.03
Papua New Guinea,Oceania,93.215,0.0,1.006,0.0,0.45,39.9045,210.6625,651.4775,0.1125,1.1600000000000001,1.1099999999999999,0.025,64.35,8947027.0,18.22,3823.1940000000004,64.5,0.555,26.259999999999998
Paraguay,South America,17055.379,112.443,349.806,2.103,0.98,27.118499999999997,265.21049999999997,84.796,0.265,1.54,1.535,0.035,55.56,7132530.0,17.144000000000002,8827.01,74.25,0.728,15.79
Peru,South America,32028.022,65.692,2931.349,9.584,1.27,28.20825,258.8655,61.286,0.187,0.12,0.6625000000000001,0.1,61.11,32971846.0,25.129,12236.706,76.74,0.777,140.71
Philippines,Asia,4550.8859999999995,16.352999999999998,90.198,0.43799999999999994,1.05,50.0015,394.81950000000006,63.006,0.052000000000000005,0.1875,0.185,0.015,63.43,109581085.0,351.87300000000005,7599.188,71.23,0.718,9.89
Poland,Europe,37773.851,179.408,877.569,8.799,0.89,12.030750000000001,414.608,204.463,0.142,1.225,1.225,0.13,75.0,37846605.0,124.027,27216.445,78.73,0.88,28.99
Portugal,Europe,52901.0,1018.466,854.0989999999999,15.593,1.27,62.568999999999996,456.324,630.002,0.17600000000000002,1.255,1.125,0.049999999999999996,69.44,10196707.0,112.37100000000001,27936.896,82.05,0.8640000000000001,64.46
Qatar,Asia,51053.779,72.89,85.385,0.0,1.13,62.04050000000001,656.433,455.76700000000005,0.046,1.74,2.125,0.26,56.48,2881060.0,227.322,116935.6,80.23,0.848,7.29
Romania,Europe,35944.455,155.944,892.207,4.003,0.91,55.698,135.3005,267.7095,0.157,1.02,1.02,0.07,76.85,19237682.0,85.12899999999999,23313.199,76.05,0.828,13.18
Russia,Europe,24032.713,154.48,439.471,3.447,0.92,50.0015,455.75700000000006,663.8365,0.055999999999999994,0.62,0.62,0.005,50.46,145934460.0,8.823,24765.953999999998,72.58,0.8240000000000001,27.45
Rwanda,Africa,837.695,14.978,10.809000000000001,0.23199999999999998,1.24,68.11800000000001,429.88,60.611000000000004,0.051,0.555,1.2000000000000002,0.0675,61.11,12952209.0,494.869,1854.211,69.02,0.5429999999999999,72.2675
Saint Kitts and Nevis,North America,639.194,0.0,119.8205,0.0,0.66,35.682,98.129,1156.5347499999998,0.0865,6.359999999999999,6.359999999999999,0.595,32.41,53192.0,212.865,24654.385,76.23,0.779,2.485
Saint Lucia,North America,3327.361,108.915,43.566,0.0,1.4,35.682,98.129,1227.1652499999998,0.0865,10.82,10.12,0.9849999999999999,56.945,183629.0,293.187,12951.839,76.2,0.759,8.98
Saint Vincent and the Grenadines,North America,4055.991,72.107,18.027,0.0,1.03,35.682,98.129,1156.5347499999998,0.0865,11.065,11.085,0.375,42.13,110947.0,281.78700000000003,10727.146,72.53,0.738,16.925
Samoa,Oceania,10.08,0.0,60.5675,0.0,1.1749999999999998,35.682,98.129,1227.1652499999998,0.0865,10.82,10.12,0.9849999999999999,56.945,198410.0,69.413,6021.557,73.32,0.715,8.98
San Marino,Europe,81855.148,471.44800000000004,1915.257,0.0,1.01,35.682,98.129,1156.5347499999998,0.0865,12.485,12.485,0.595,69.44,33938.0,556.6669999999999,56861.47,84.97,0.8935,-7.56
Sao Tome and Principe,Africa,5156.027,36.503,77.569,0.0,0.95,35.682,98.129,1227.1652499999998,0.0865,10.82,10.12,0.9849999999999999,40.739999999999995,219161.0,212.84099999999998,3052.7140000000004,70.39,0.625,8.98
Saudi Arabia,Asia,10477.233,4.968999999999999,181.479,0.115,1.12,12.030750000000001,266.7865,335.705,0.004,0.85,1.3075,0.095,53.7,34813867.0,15.322000000000001,49045.41099999999,75.13,0.8540000000000001,23.055
Senegal,Africa,1357.985,14.931,30.399,0.418,1.14,47.9835,354.20449999999994,18.320999999999998,0.122,0.049999999999999996,0.049999999999999996,0.04,50.46,16743930.0,82.32799999999999,2470.58,67.94,0.512,84.53
Serbia,Europe,54553.71599999999,257.32599999999996,548.159,3.0860000000000003,0.82,27.118499999999997,265.21049999999997,362.81699999999995,0.168,2.8,2.8,0.125,60.19,6804596.0,80.291,14048.881000000001,76.0,0.8059999999999999,-0.61
Seychelles,Africa,7077.486,203.37599999999998,20.338,0.0,0.99,35.682,98.129,1156.5347499999998,0.0865,17.18,17.18,0.765,54.63,98340.0,208.354,26382.287,73.4,0.7959999999999999,16.925
Sierra Leone,Africa,372.32099999999997,3.009,9.652999999999999,0.0,1.24,39.861000000000004,237.2595,486.05899999999997,0.0245,14.345,12.86,2.27,37.04,7976985.0,104.7,1390.3,54.7,0.452,18.48
Singapore,Asia,10099.065999999999,5.127999999999999,4.957,0.0,1.1,21.776999999999997,292.59349999999995,1016.8915000000001,0.001,1.03,1.03,0.0,50.93,5850343.0,7915.731,85535.383,83.62,0.938,5.16
Slovakia,Europe,40799.737,391.418,625.865,14.103,0.96,21.776999999999997,561.3919999999999,773.495,0.067,1.24,1.2349999999999999,0.07,73.15,5459643.0,113.12799999999999,30155.152000000002,77.54,0.86,80.1
Slovenia,Europe,71457.845,741.2460000000001,1510.391,12.025,0.93,90.912,564.232,359.605,0.249,2.37,2.37,0.18,81.48,2078932.0,102.619,31400.84,81.32,0.917,36.55
Solomon Islands,Oceania,24.75,0.0,108.71349999999998,0.0,0.865,35.682,173.893,1650.7690000000002,0.009500000000000001,1.035,1.035,0.32,33.33,686878.0,21.840999999999998,2205.923,73.0,0.5670000000000001,21.255
Somalia,Africa,298.492,0.0,8.18,0.0,0.57,47.9835,135.3005,18.2635,0.156,0.355,0.355,0.025,21.3,15893219.0,23.5,2119.3665,57.4,0.45499999999999996,37.31
South Africa,Africa,22351.851000000002,212.465,621.342,8.397,0.87,20.56975,394.81950000000006,127.448,0.255,0.3275,0.3275,0.035,67.59,59308690.0,46.754,12294.876,64.13,0.7090000000000001,36.585
South Korea,Asia,1410.984,10.006,24.362,0.312,0.8,20.56975,392.3795,95.118,0.011000000000000001,0.3225,0.2925,0.1,63.89,51269183.0,527.967,35938.373999999996,83.03,0.9159999999999999,1.5
South Sudan,Africa,327.86199999999997,0.0,5.627999999999999,0.0,0.87,68.11800000000001,429.88,7.27,0.033,0.555,0.555,0.0675,43.52,11193729.0,204.32500000000002,1569.888,57.85,0.433,72.2675
Spain,Europe,48169.703,654.029,1140.29,5.026,1.41,70.303,495.86400000000003,548.6825,0.139,1.9949999999999999,1.9849999999999999,0.19,71.3,46754783.0,93.105,34272.36,83.56,0.904,17.73
Sri Lanka,Asia,2443.02,32.316,11.955,0.14,1.08,47.9835,354.20449999999994,68.878,0.045,0.09999999999999999,0.09999999999999999,0.05500000000000001,79.17,21413250.0,341.955,11669.077,76.98,0.782,35.22
Sudan,Africa,642.633,1.642,35.941,0.0,0.79,35.51075,307.41450000000003,77.08975000000001,0.157,0.32,0.29,0.13,25.93,43849269.0,23.258000000000003,4466.5070000000005,65.31,0.51,9.370000000000001
Suriname,South America,12731.958999999999,114.211,240.354,1.705,1.03,35.682,98.129,1744.5017500000001,0.018500000000000003,2.7325,2.6475,0.38999999999999996,67.59,586634.0,3.612,13767.118999999999,71.68,0.738,21.255
Sweden,Europe,51834.043,0.0,1022.153,0.0,0.99,34.359,254.47400000000002,489.085,0.16399999999999998,1.29,1.29,0.055,69.44,10099270.0,24.718000000000004,46949.282999999996,82.8,0.945,16.69
Switzerland,Europe,57221.242999999995,254.77700000000002,1002.355,6.471,0.86,42.058,232.015,419.667,0.11699999999999999,1.1,1.0,0.0,60.19,8654618.0,214.243,57410.166,83.78,0.955,20.37
Syria,Asia,739.515,5.143,47.083999999999996,0.34299999999999997,0.91,47.9835,135.3005,40.505500000000005,0.21949999999999997,0.355,0.355,0.025,39.35,17500657.0,112.3865,9002.872000000001,72.7,0.5670000000000001,37.31
Taiwan,Asia,35.731,0.126,0.294,0.0,0.98,47.9835,354.20449999999994,5.754,0.005,0.049999999999999996,0.049999999999999996,0.05500000000000001,19.44,23816775.0,46.677,2263.5029999999997,80.46,0.46599999999999997,35.22
Tajikistan,Asia,1395.3129999999999,0.0,9.436,0.0,0.02,36.055,324.71900000000005,360.16150000000005,0.098,10.79,4.9975000000000005,1.3225,42.59,9537642.0,64.281,2896.913,71.1,0.6679999999999999,25.375
Tanzania,Africa,8.521,0.0,0.35200000000000004,0.0,0.0,41.0665,394.81950000000006,303.5085,0.17200000000000001,0.9824999999999999,0.9824999999999999,0.0025,6.48,59734213.0,64.699,2683.304,65.46,0.529,4.445
Thailand,Asia,172.69299999999998,4.112,1.003,0.0,1.26,20.56975,394.81950000000006,29.325,0.1595,0.3275,0.3275,0.035,62.04,69799978.0,135.132,16277.671,77.15,0.777,7.98
Timor,Asia,39.44,0.0,124.546,1.8844999999999998,0.605,36.2915,259.64799999999997,296.88950000000006,0.0715,0.68,0.68,0.22999999999999998,52.78,1318442.0,87.176,6570.102,69.5,0.606,10.05
Togo,Africa,516.021,4.59,8.818,0.0,1.16,41.8615,379.092,23.476,0.048,0.785,0.78,0.0625,37.5,8278737.0,143.366,1429.8129999999999,61.04,0.515,46.05
Trinidad and Tobago,North America,5266.2,9.289,93.605,0.0,0.96,62.04050000000001,438.16099999999994,55.205,0.031,0.68,0.68,0.105,68.52,1399491.0,266.88599999999997,28763.071,73.51,0.7959999999999999,10.05
Tunisia,Africa,14995.916000000001,183.27,475.18199999999996,5.754,1.06,66.297,386.38199999999995,94.9755,0.22500000000000003,0.535,1.09,0.04,71.3,11818618.0,74.22800000000001,10849.296999999999,76.7,0.74,32.735
Turkey,Asia,28227.31,89.52,282.574,1.992,0.7,50.0015,394.81950000000006,322.786,0.053,1.43,1.015,0.005,73.61,84339067.0,104.914,25129.341,77.69,0.82,19.045
Turks and Caicos Islands,North America,72170.1995,353.71950000000004,1600.049,0.0,0.87,35.682,98.129,1156.5347499999998,0.0865,0.0,0.0,0.595,48.61,38718.0,37.312,53765.3925,80.22,0.849,8.22
Uganda,Africa,832.623,2.405,6.646,0.0,0.71,12.030750000000001,266.7865,17.586,0.055,0.32,0.29,0.1,49.07,45741000.0,213.75900000000001,1697.707,63.37,0.544,1.255
Ukraine,Europe,27258.439,123.314,494.744,3.5669999999999997,0.84,12.030750000000001,266.7865,136.5935,0.259,0.32,0.29,0.1,63.89,43733759.0,77.39,7894.393,72.06,0.779,1.01
United Arab Emirates,Asia,25257.624,344.475,74.82,0.607,1.23,68.11800000000001,429.88,2349.6679999999997,0.021,19.93,8.46,2.53,56.48,9890400.0,112.44200000000001,67293.483,77.97,0.89,36.925
United Kingdom,Europe,49598.942,610.258,1307.295,17.75,0.86,55.81399999999999,541.363,785.5260000000001,0.08900000000000001,8.01,7.33,0.685,87.96,67886004.0,272.89799999999997,39753.244,81.32,0.932,38.22
United States,North America,72018.974,576.31,1217.7730000000001,10.329,0.9,84.069,365.64099999999996,862.0269999999999,0.125,4.82,4.27,0.96,71.76,331002647.0,35.608000000000004,54225.445999999996,78.86,0.9259999999999999,43.05
Uruguay,South America,9116.721,187.695,85.787,2.303,1.06,62.04050000000001,588.7974999999999,215.89499999999998,0.109,0.47000000000000003,0.425,0.315,64.81,3473727.0,19.750999999999998,20551.409,77.91,0.8170000000000001,21.71
Uzbekistan,Asia,2329.545,1.584,18.495,0.0,0.92,12.030750000000001,266.7865,113.78099999999999,0.11399999999999999,0.5449999999999999,1.3075,0.095,37.04,33469199.0,76.134,6253.104,71.72,0.72,17.12
Vanuatu,Oceania,3.2560000000000002,0.0,54.670500000000004,0.0,0.95,35.682,98.129,1011.902,0.036,4.5024999999999995,3.7175000000000002,0.9849999999999999,22.22,307150.0,22.662,2921.909,70.47,0.609,6.26
Vatican,Europe,33374.536,0.0,731.606,0.0,0.925,35.682,98.129,1156.5347499999998,0.0865,3.12,12.545,0.595,60.644999999999996,809.0,9792.256,40757.9275,75.12,0.849,16.925
Venezuela,South America,4195.606,15.402999999999999,38.719,0.21100000000000002,1.08,39.5205,266.7865,36.4065,0.093,0.425,0.56,0.065,84.26,28435943.0,36.253,16745.022,72.06,0.711,5.9399999999999995
Vietnam,Asia,15.79,0.021,0.36,0.0,0.93,57.69799999999999,455.75700000000006,192.89600000000002,0.1745,0.715,0.69,0.34750000000000003,56.48,97338583.0,308.127,6171.884,75.4,0.7040000000000001,15.67
Yemen,Asia,70.811,0.0,20.519000000000002,0.0,1.06,39.5205,266.7865,46.1105,0.07749999999999999,0.425,1.3075,0.095,25.0,29825968.0,53.508,1479.1470000000002,66.12,0.47,74.16000000000001
Zambia,Africa,1962.254,63.153,29.21,0.7070000000000001,1.42,47.9835,354.20449999999994,41.276,0.11,0.049999999999999996,0.049999999999999996,0.04,49.07,18383956.0,22.995,3689.2509999999997,63.89,0.584,35.22
Zimbabwe,Africa,1808.594,42.993,45.953,1.615,1.11,68.11800000000001,429.88,18.206,0.19,0.0,0.555,0.0675,84.26,14862927.0,42.729,1899.775,61.49,0.5710000000000001,84.53
